FE Node No.;Coordinates;;;
;X [m];Y [m];Z [m];
1;0;0;0;
2;0;0;-4;
3;5;0;-4.5;
4;10;0;-5;
5;15;0;-4.5;
6;20;0;-4;
7;20;0;0;
8;5;0;0;
9;10;0;0;
10;15;0;0;
11;0;5;0;
12;0;5;-4;
13;5;5;-4.5;
14;10;5;-5;
15;15;5;-4.5;
16;20;5;-4;
17;20;5;0;
18;0;10;0;
19;0;10;-4;
20;5;10;-4.5;
21;10;10;-5;
22;15;10;-4.5;
23;20;10;-4;
24;20;10;0;
25;0;15;0;
26;0;15;-4;
27;5;15;-4.5;
28;10;15;-5;
29;15;15;-4.5;
30;20;15;-4;
31;20;15;0;
32;0;20;0;
33;0;20;-4;
34;5;20;-4.5;
35;10;20;-5;
36;15;20;-4.5;
37;20;20;-4;
38;20;20;0;
39;0;25;0;
40;0;25;-4;
41;5;25;-4.5;
42;10;25;-5;
43;15;25;-4.5;
44;20;25;-4;
45;20;25;0;
46;5;25;0;
47;10;25;0;
48;15;25;0;
49;1.6418114229396;20;-4.16418114229396;
50;3.28362277628887;20;-4.32836227762889;
51;4.92543410694525;20;-4.492543410694531;
52;9.8507444160964;20;-4.98507444160964;
53;8.20893312163051;20;-4.82089331216305;
54;6.56712153585604;20;-4.6567121535856;
55;1.641811;15;-4.164181;
56;5;0;-1;
57;3.283623;15;-4.328363000000001;
58;4.925434;15;-4.492544;
59;6.567122;15;-4.656713;
60;8.208933;15;-4.820895;
61;5;0;-3.5;
62;10.1492555839036;20;-4.98507444160964;
63;9.850744;15;-4.985077;
64;18.3581885770604;20;-4.16418114229396;
65;16.7163772237111;20;-4.32836227762889;
66;15.0745658930547;20;-4.492543410694531;
67;11.7910668783695;20;-4.82089331216305;
68;13.432878464144;20;-4.6567121535856;
69;18.358189;15;-4.164181;
70;10;0;-3.5;
71;16.716377;15;-4.328363000000001;
72;15.074566;15;-4.492544;
73;13.432878;15;-4.656713;
74;11.791067;15;-4.820895;
75;15;0;-1;
76;10.149256;15;-4.985077;
77;15;0;-2;
78;15;0;-2.5;
79;15;0;-3;
80;15;0;-3.5;
81;15;0;-4;
82;0;0;-0.5;
83;1.641811;10;-4.164181;
84;3.283623;10;-4.328363000000001;
85;4.925434;10;-4.492544;
86;6.567122;10;-4.656713;
87;8.208933;10;-4.820895;
88;0;5;-3;
89;9.850744;10;-4.985077;
90;0;0;-1;
91;0.205226375;5;-4.020522625;
92;0.41045275;5;-4.04104525;
93;0.615679125;5;-4.061567875;
94;0.8209055;5;-4.0820905;
95;18.358189;10;-4.164181;
96;16.716377;10;-4.328363000000001;
97;15.074566;10;-4.492544;
98;13.432878;10;-4.656713;
99;11.791067;10;-4.820895;
100;10.149256;10;-4.985077;
101;5.3917805;5;-4.53917825;
102;5.58767075;5;-4.558767375;
103;5.783561000000002;5;-4.5783565;
104;5.97945125;5;-4.597945625;
105;6.1753415;5;-4.61753475;
106;6.37123175;5;-4.637123875;
107;15.04660375;0;-4.49534;
108;0;0;-1.5;
109;10.018657;5;-4.998134625;
110;10.037314;5;-4.99626925;
111;1.641811;5;-4.164181;
112;3.283623;5;-4.328363000000001;
113;4.925434;5;-4.492544;
114;6.567122;5;-4.656713;
115;8.208933;5;-4.820895;
116;1.641811;25;-4.164181;
117;9.850744;5;-4.985077;
118;3.283623;25;-4.328363000000001;
119;4.925434;25;-4.492544;
120;6.567122;25;-4.656713;
121;8.208933;25;-4.820895;
122;9.850744;25;-4.985077;
123;18.358189;5;-4.164181;
124;16.716377;5;-4.328363000000001;
125;15.074566;5;-4.492544;
126;13.432878;5;-4.656713;
127;11.791067;5;-4.820895;
128;10.149256;5;-4.985077;
129;18.358189;25;-4.164181;
130;16.716377;25;-4.328363000000001;
131;15.074566;25;-4.492544;
132;13.432878;25;-4.656713;
133;11.791067;25;-4.820895;
134;10.149256;25;-4.985077;
135;0;0;-2;
136;0;10;-0.5;
137;0;10;-1;
138;0;10;-1.5;
139;1.641811;0;-4.164181;
140;3.283623;0;-4.328363000000001;
141;4.925434;0;-4.492544;
142;6.567122;0;-4.656713;
143;8.208933;0;-4.820895;
144;0.205226375;10;-4.020522625;
145;9.850744;0;-4.985077;
146;0.615679125;10;-4.061567875;
147;0.8209055;10;-4.0820905;
148;1.026131875;10;-4.102613125000001;
149;1.23135825;10;-4.123135750000001;
150;1.436584625;10;-4.143658375;
151;18.358189;0;-4.164181;
152;16.716377;0;-4.328363000000001;
153;15.074566;0;-4.492544;
154;13.432878;0;-4.656713;
155;11.791067;0;-4.820895;
156;10.149256;0;-4.985077;
157;5;0;-4.5;
158;10;0;-5;
159;15;0;-4.5;
160;5;25;-4.5;
161;10;25;-5;
162;15;25;-4.5;
163;0;0;-4;
164;0;5;-4;
165;0;5;-4;
166;0;10;-4;
167;0;10;-4;
168;0;15;-4;
169;0;15;-4;
170;0;20;-4;
171;0;20;-4;
172;0;25;-4;
173;5;0;-4.5;
174;5;5;-4.5;
175;5;5;-4.5;
176;5;10;-4.5;
177;5;10;-4.5;
178;5;15;-4.5;
179;5;15;-4.5;
180;5;20;-4.5;
181;5;20;-4.5;
182;5;25;-4.5;
183;10;0;-5;
184;10;5;-5;
185;10;5;-5;
186;10;10;-5;
187;10;10;-5;
188;10;15;-5;
189;10;15;-5;
190;10;20;-5;
191;10;20;-5;
192;10;25;-5;
193;15;0;-4.5;
194;15;5;-4.5;
195;15;5;-4.5;
196;15;10;-4.5;
197;15;10;-4.5;
198;15;15;-4.5;
199;15;15;-4.5;
200;15;20;-4.5;
201;15;20;-4.5;
202;15;25;-4.5;
203;20;0;-4;
204;20;5;-4;
205;20;5;-4;
206;20;10;-4;
207;20;10;-4;
208;20;15;-4;
209;20;15;-4;
210;20;20;-4;
211;20;20;-4;
212;20;25;-4;
213;1.641811;15;-4.164181;
214;1.6418114229396;20;-4.16418114229396;
215;0;15;-4;
216;0;20;-4;
217;3.283623;15;-4.328363000000001;
218;3.28362277628887;20;-4.32836227762889;
219;4.925434;15;-4.492544;
220;4.92543410694525;20;-4.492543410694531;
221;6.567122;15;-4.656713;
222;6.56712153585604;20;-4.6567121535856;
223;8.208933;15;-4.820895;
224;8.20893312163051;20;-4.82089331216305;
225;1.641811;10;-4.164181;
226;1.641811;15;-4.164181;
227;18.3581885770604;20;-4.16418114229396;
228;18.358189;15;-4.164181;
229;20;20;-4;
230;20;15;-4;
231;16.7163772237111;20;-4.32836227762889;
232;16.716377;15;-4.328363000000001;
233;15.0745658930547;20;-4.492543410694531;
234;15.074566;15;-4.492544;
235;13.432878464144;20;-4.6567121535856;
236;13.432878;15;-4.656713;
237;11.7910668783695;20;-4.82089331216305;
238;11.791067;15;-4.820895;
239;0;10;-4;
240;0;15;-4;
241;9.850744;15;-4.985077;
242;9.8507444160964;20;-4.98507444160964;
243;10.1492555839036;20;-4.98507444160964;
244;10.149256;15;-4.985077;
245;3.283623;10;-4.328363000000001;
246;3.283623;15;-4.328363000000001;
247;4.925434;10;-4.492544;
248;4.925434;15;-4.492544;
249;6.567122;10;-4.656713;
250;6.567122;15;-4.656713;
251;8.208933;10;-4.820895;
252;8.208933;15;-4.820895;
253;18.358189;15;-4.164181;
254;18.358189;10;-4.164181;
255;20;15;-4;
256;20;10;-4;
257;16.716377;15;-4.328363000000001;
258;16.716377;10;-4.328363000000001;
259;15.074566;15;-4.492544;
260;15.074566;10;-4.492544;
261;13.432878;15;-4.656713;
262;13.432878;10;-4.656713;
263;11.791067;15;-4.820895;
264;11.791067;10;-4.820895;
265;9.850744;10;-4.985077;
266;9.850744;15;-4.985077;
267;10.149256;15;-4.985077;
268;10.149256;10;-4.985077;
269;1.641811;5;-4.164181;
270;1.641811;10;-4.164181;
271;0;5;-4;
272;0;10;-4;
273;3.283623;5;-4.328363000000001;
274;3.283623;10;-4.328363000000001;
275;4.925434;5;-4.492544;
276;4.925434;10;-4.492544;
277;6.567122;5;-4.656713;
278;6.567122;10;-4.656713;
279;8.208933;5;-4.820895;
280;8.208933;10;-4.820895;
281;18.358189;10;-4.164181;
282;18.358189;5;-4.164181;
283;20;10;-4;
284;20;5;-4;
285;16.716377;10;-4.328363000000001;
286;16.716377;5;-4.328363000000001;
287;15.074566;10;-4.492544;
288;15.074566;5;-4.492544;
289;13.432878;10;-4.656713;
290;13.432878;5;-4.656713;
291;11.791067;10;-4.820895;
292;11.791067;5;-4.820895;
293;9.850744;5;-4.985077;
294;9.850744;10;-4.985077;
295;10.149256;10;-4.985077;
296;10.149256;5;-4.985077;
297;1.641811;0;-4.164181;
298;1.641811;5;-4.164181;
299;0;0;-4;
300;0;5;-4;
301;3.283623;0;-4.328363000000001;
302;3.283623;5;-4.328363000000001;
303;4.925434;0;-4.492544;
304;4.925434;5;-4.492544;
305;6.567122;0;-4.656713;
306;6.567122;5;-4.656713;
307;8.208933;0;-4.820895;
308;8.208933;5;-4.820895;
309;18.358189;5;-4.164181;
310;18.358189;0;-4.164181;
311;20;5;-4;
312;20;0;-4;
313;16.716377;5;-4.328363000000001;
314;16.716377;0;-4.328363000000001;
315;15.074566;5;-4.492544;
316;15.074566;0;-4.492544;
317;13.432878;5;-4.656713;
318;13.432878;0;-4.656713;
319;11.791067;5;-4.820895;
320;11.791067;0;-4.820895;
321;9.850744;0;-4.985077;
322;9.850744;5;-4.985077;
323;10.149256;5;-4.985077;
324;10.149256;0;-4.985077;
325;1.6418114229396;20;-4.16418114229396;
326;1.641811;25;-4.164181;
327;0;20;-4;
328;0;25;-4;
329;3.28362277628887;20;-4.32836227762889;
330;3.283623;25;-4.328363000000001;
331;4.92543410694525;20;-4.492543410694531;
332;4.925434;25;-4.492544;
333;6.56712153585604;20;-4.6567121535856;
334;6.567122;25;-4.656713;
335;8.20893312163051;20;-4.82089331216305;
336;8.208933;25;-4.820895;
337;18.358189;25;-4.164181;
338;18.3581885770604;20;-4.16418114229396;
339;20;25;-4;
340;20;20;-4;
341;16.716377;25;-4.328363000000001;
342;16.7163772237111;20;-4.32836227762889;
343;15.074566;25;-4.492544;
344;15.0745658930547;20;-4.492543410694531;
345;13.432878;25;-4.656713;
346;13.432878464144;20;-4.6567121535856;
347;11.791067;25;-4.820895;
348;11.7910668783695;20;-4.82089331216305;
349;9.8507444160964;20;-4.98507444160964;
350;9.850744;25;-4.985077;
351;10.149256;25;-4.985077;
352;10.1492555839036;20;-4.98507444160964;
353;5;25;-3;
354;5;25;-3.5;
355;5;25;-4;
356;0;0;-2.5;
357;10;25;-0.5;
358;10;25;-1;
359;10;25;-1.5;
360;10;25;-2;
361;10;25;-2.5;
362;10;25;-3;
363;10;25;-3.5;
364;10;25;-4;
365;10;25;-4.5;
366;0;0;-3;
367;15;25;-0.5;
368;15;25;-1;
369;15;25;-1.5;
370;15;25;-2;
371;15;25;-2.5;
372;15;25;-3;
373;15;25;-3.5;
374;15;25;-4;
375;0;0.5;-4;
376;0;1;-4;
377;0;1.5;-4;
378;0;2;-4;
379;0;2.5;-4;
380;0;3;-4;
381;0;3.5;-4;
382;0;4;-4;
383;0;4.5;-4;
384;0;5.5;-4;
385;0;6;-4;
386;0;6.5;-4;
387;0;7;-4;
388;0;7.5;-4;
389;0;8;-4;
390;0;8.5;-4;
391;0;9;-4;
392;0;9.5;-4;
393;0;10.5;-4;
394;0;11;-4;
395;0;11.5;-4;
396;0;12;-4;
397;0;12.5;-4;
398;0;13;-4;
399;0;13.5;-4;
400;0;14;-4;
401;0;14.5;-4;
402;0;15.5;-4;
403;0;16;-4;
404;0;16.5;-4;
405;0;17;-4;
406;0;17.5;-4;
407;0;18;-4;
408;0;18.5;-4;
409;0;19;-4;
410;0;19.5;-4;
411;0;20.5;-4;
412;0;21;-4;
413;0;21.5;-4;
414;0;22;-4;
415;0;22.5;-4;
416;0;23;-4;
417;0;23.5;-4;
418;0;24;-4;
419;0;24.5;-4;
420;5;0.5;-4.5;
421;5;1;-4.5;
422;5;1.5;-4.5;
423;5;2;-4.5;
424;5;2.5;-4.5;
425;5;3;-4.5;
426;5;3.5;-4.5;
427;5;4;-4.5;
428;5;4.5;-4.5;
429;5;5.5;-4.5;
430;5;6;-4.5;
431;5;6.5;-4.5;
432;5;7;-4.5;
433;5;7.5;-4.5;
434;5;8;-4.5;
435;5;8.5;-4.5;
436;5;9;-4.5;
437;5;9.5;-4.5;
438;5;10.5;-4.5;
439;5;11;-4.5;
440;5;11.5;-4.5;
441;5;12;-4.5;
442;5;12.5;-4.5;
443;5;13;-4.5;
444;5;13.5;-4.5;
445;5;14;-4.5;
446;5;14.5;-4.5;
447;5;15.5;-4.5;
448;5;16;-4.5;
449;5;16.5;-4.5;
450;5;17;-4.5;
451;5;17.5;-4.5;
452;5;18;-4.5;
453;5;18.5;-4.5;
454;5;19;-4.5;
455;5;19.5;-4.5;
456;5;20.5;-4.5;
457;5;21;-4.5;
458;5;21.5;-4.5;
459;5;22;-4.5;
460;5;22.5;-4.5;
461;5;23;-4.5;
462;5;23.5;-4.5;
463;5;24;-4.5;
464;5;24.5;-4.5;
465;10;0.5;-5;
466;10;1;-5;
467;10;1.5;-5;
468;10;2;-5;
469;10;2.5;-5;
470;10;3;-5;
471;10;3.5;-5;
472;10;4;-5;
473;10;4.5;-5;
474;10;5.5;-5;
475;10;6;-5;
476;10;6.5;-5;
477;10;7;-5;
478;10;7.5;-5;
479;10;8;-5;
480;10;8.5;-5;
481;10;9;-5;
482;10;9.5;-5;
483;10;10.5;-5;
484;10;11;-5;
485;10;11.5;-5;
486;10;12;-5;
487;10;12.5;-5;
488;10;13;-5;
489;10;13.5;-5;
490;10;14;-5;
491;10;14.5;-5;
492;10;15.5;-5;
493;10;16;-5;
494;10;16.5;-5;
495;10;17;-5;
496;10;17.5;-5;
497;10;18;-5;
498;10;18.5;-5;
499;10;19;-5;
500;10;19.5;-5;
501;10;20.5;-5;
502;10;21;-5;
503;10;21.5;-5;
504;10;22;-5;
505;10;22.5;-5;
506;10;23;-5;
507;10;23.5;-5;
508;10;24;-5;
509;10;24.5;-5;
510;15;0.5;-4.5;
511;15;1;-4.5;
512;15;1.5;-4.5;
513;15;2;-4.5;
514;15;2.5;-4.5;
515;15;3;-4.5;
516;15;3.5;-4.5;
517;15;4;-4.5;
518;15;4.5;-4.5;
519;15;5.5;-4.5;
520;15;6;-4.5;
521;15;6.5;-4.5;
522;15;7;-4.5;
523;15;7.5;-4.5;
524;15;8;-4.5;
525;15;8.5;-4.5;
526;15;9;-4.5;
527;15;9.5;-4.5;
528;15;10.5;-4.5;
529;15;11;-4.5;
530;15;11.5;-4.5;
531;15;12;-4.5;
532;15;12.5;-4.5;
533;15;13;-4.5;
534;15;13.5;-4.5;
535;15;14;-4.5;
536;15;14.5;-4.5;
537;15;15.5;-4.5;
538;15;16;-4.5;
539;15;16.5;-4.5;
540;15;17;-4.5;
541;15;17.5;-4.5;
542;15;18;-4.5;
543;15;18.5;-4.5;
544;15;19;-4.5;
545;15;19.5;-4.5;
546;15;20.5;-4.5;
547;15;21;-4.5;
548;15;21.5;-4.5;
549;15;22;-4.5;
550;15;22.5;-4.5;
551;15;23;-4.5;
552;15;23.5;-4.5;
553;15;24;-4.5;
554;15;24.5;-4.5;
555;20;0.5;-4;
556;20;1;-4;
557;20;1.5;-4;
558;20;2;-4;
559;20;2.5;-4;
560;20;3;-4;
561;20;3.5;-4;
562;20;4;-4;
563;20;4.5;-4;
564;20;5.5;-4;
565;20;6;-4;
566;20;6.5;-4;
567;20;7;-4;
568;20;7.5;-4;
569;20;8;-4;
570;20;8.5;-4;
571;20;9;-4;
572;20;9.5;-4;
573;20;10.5;-4;
574;20;11;-4;
575;20;11.5;-4;
576;20;12;-4;
577;20;12.5;-4;
578;20;13;-4;
579;20;13.5;-4;
580;20;14;-4;
581;20;14.5;-4;
582;20;15.5;-4;
583;20;16;-4;
584;20;16.5;-4;
585;20;17;-4;
586;20;17.5;-4;
587;20;18;-4;
588;20;18.5;-4;
589;20;19;-4;
590;20;19.5;-4;
591;20;20.5;-4;
592;20;21;-4;
593;20;21.5;-4;
594;20;22;-4;
595;20;22.5;-4;
596;20;23;-4;
597;20;23.5;-4;
598;20;24;-4;
599;20;24.5;-4;
600;1.847037842108259;20;-4.184703784210826;
601;2.052264261276918;20;-4.205226426127693;
602;2.257490680445576;20;-4.225749068044559;
603;2.462717099614235;20;-4.246271709961425;
604;2.667943518782894;20;-4.266794351878291;
605;2.873169937951553;20;-4.287316993795157;
606;3.078396357120212;20;-4.307839635712024;
607;0;0;-3.5;
608;3.488849192620918;20;-4.348884919262095;
609;3.694075608952965;20;-4.3694075608953;
610;3.899302025285013;20;-4.389930202528505;
611;4.10452844161706;20;-4.410452844161711;
612;4.309754857949107;20;-4.430975485794916;
613;4.514981274281156;20;-4.451498127428121;
614;4.720207690613202;20;-4.472020769061326;
615;0.205226375;0;-4.020522625;
616;4.934754843577094;20;-4.493475484357714;
617;4.944075580208938;20;-4.494407558020898;
618;4.953396316840782;20;-4.495339631684082;
619;4.962717053472626;20;-4.496271705347265;
620;4.97203779010447;20;-4.497203779010449;
621;4.981358526736314;20;-4.498135852673633;
622;4.990679263368156;20;-4.499067926336817;
623;0.41045275;0;-4.04104525;
624;9.86940136408435;20;-4.986940136408436;
625;9.8880583120723;20;-4.98880583120723;
626;9.90671526006025;20;-4.990671526006026;
627;9.9253722080482;20;-4.99253722080482;
628;9.94402915603615;20;-4.994402915603616;
629;9.962686104024103;20;-4.99626861040241;
630;9.98134305201205;20;-4.998134305201206;
631;0.615679125;0;-4.061567875;
632;8.414159533438747;20;-4.841415953343874;
633;8.619385945246982;20;-4.861938594524698;
634;8.82461235705522;20;-4.882461235705522;
635;9.029838768863456;20;-4.902983876886346;
636;9.235065180671691;20;-4.92350651806717;
637;9.440291592479928;20;-4.944029159247994;
638;9.645518004288164;20;-4.964551800428818;
639;6.772347984077848;20;-4.677234798407782;
640;6.977574432299658;20;-4.697757443229962;
641;7.182800880521466;20;-4.718280088052144;
642;7.388027328743276;20;-4.738802732874326;
643;7.593253776965084;20;-4.759325377696508;
644;7.798480225186894;20;-4.779848022518688;
645;8.003706673408702;20;-4.80037066734087;
646;1.64181104229396;15.5;-4.164181014229397;
647;1.64181108458792;16;-4.164181028458792;
648;1.64181112688188;16.5;-4.164181042688188;
649;1.64181116917584;17;-4.164181056917584;
650;1.6418112114698;17.5;-4.16418107114698;
651;1.64181125376376;18;-4.164181085376377;
652;1.64181129605772;18.5;-4.164181099605772;
653;1.64181133835168;19;-4.164181113835168;
654;1.64181138064564;19.5;-4.164181128064564;
655;1.8470375;15;-4.184703750000001;
656;2.052264;15;-4.2052265;
657;2.2574905;15;-4.22574925;
658;2.462717;15;-4.246272000000001;
659;2.6679435;15;-4.266794750000001;
660;2.87317;15;-4.287317500000001;
661;3.0783965;15;-4.30784025;
662;0.8209055;0;-4.0820905;
663;0;15.5;-4;
664;0;16;-4;
665;0;16.5;-4;
666;0;17;-4;
667;0;17.5;-4;
668;0;18;-4;
669;0;18.5;-4;
670;0;19;-4;
671;0;19.5;-4;
672;3.283622977628887;15.5;-4.328362927762889;
673;3.283622955257774;16;-4.328362855525779;
674;3.283622932886661;16.5;-4.328362783288667;
675;3.283622910515548;17;-4.328362711051557;
676;3.283622888144435;17.5;-4.328362638814445;
677;3.283622865773322;18;-4.328362566577334;
678;3.283622843402209;18.5;-4.328362494340223;
679;3.283622821031096;19;-4.328362422103112;
680;3.283622798659983;19.5;-4.328362349866002;
681;3.488849375;15;-4.348885625000001;
682;3.69407575;15;-4.36940825;
683;3.899302125;15;-4.389930875;
684;4.1045285;15;-4.4104535;
685;4.309754875000001;15;-4.430976125;
686;4.51498125;15;-4.45149875;
687;4.720207625;15;-4.472021375;
688;1.026131875;0;-4.102613125000001;
689;4.925434010694526;15.5;-4.492543941069453;
690;4.92543402138905;16;-4.492543882138906;
691;4.925434032083576;16.5;-4.492543823208359;
692;4.9254340427781;17;-4.492543764277812;
693;4.925434053472626;17.5;-4.492543705347265;
694;4.92543406416715;18;-4.492543646416718;
695;4.925434074861676;18.5;-4.492543587486171;
696;4.9254340855562;19;-4.492543528555625;
697;4.925434096250726;19.5;-4.492543469625077;
698;4.93475475;15;-4.493476;
699;4.9440755;15;-4.494408;
700;4.95339625;15;-4.49534;
701;4.962717;15;-4.496272;
702;4.97203775;15;-4.497204;
703;4.9813585;15;-4.498136;
704;4.99067925;15;-4.499068000000001;
705;6.567121953585604;15.5;-4.65671291535856;
706;6.56712190717121;16;-4.65671283071712;
707;6.567121860756812;16.5;-4.65671274607568;
708;6.567121814342416;17;-4.65671266143424;
709;6.56712176792802;17.5;-4.6567125767928;
710;6.567121721513624;18;-4.65671249215136;
711;6.567121675099228;18.5;-4.65671240750992;
712;6.567121628684832;19;-4.65671232286848;
713;6.567121582270436;19.5;-4.65671223822704;
714;6.772348375;15;-4.67723575;
715;6.97757475;15;-4.6977585;
716;7.182801125;15;-4.71828125;
717;7.3880275;15;-4.738804;
718;7.593253875;15;-4.75932675;
719;7.79848025;15;-4.7798495;
720;8.003706625;15;-4.800372250000002;
721;1.23135825;0;-4.123135750000001;
722;8.208933012163053;15.5;-4.820894831216306;
723;8.208933024326102;16;-4.82089466243261;
724;8.208933036489155;16.5;-4.820894493648916;
725;8.208933048652204;17;-4.82089432486522;
726;8.208933060815257;17.5;-4.820894156081526;
727;8.208933072978306;18;-4.82089398729783;
728;8.208933085141359;18.5;-4.820893818514136;
729;8.208933097304408;19;-4.82089364973044;
730;8.20893310946746;19.5;-4.820893480946746;
731;8.414159375000002;15;-4.84141775;
732;8.61938575;15;-4.8619405;
733;8.824612125;15;-4.882463250000002;
734;9.0298385;15;-4.902986;
735;9.235064875;15;-4.92350875;
736;9.440291250000001;15;-4.9440315;
737;9.645517625;15;-4.964554250000002;
738;1.436584625;0;-4.143658375;
739;1.641811;10.5;-4.164181;
740;1.641811;11;-4.164181;
741;1.641811;11.5;-4.164181;
742;1.641811;12;-4.164181;
743;1.641811;12.5;-4.164181;
744;1.641811;13;-4.164181;
745;1.641811;13.5;-4.164181;
746;1.641811;14;-4.164181;
747;1.641811;14.5;-4.164181;
748;5.19589025;0;-4.519589125;
749;18.35818861935436;19.5;-4.164181128064564;
750;18.35818866164832;19;-4.164181113835168;
751;18.35818870394228;18.5;-4.164181099605772;
752;18.35818874623624;18;-4.164181085376377;
753;18.3581887885302;17.5;-4.16418107114698;
754;18.35818883082416;17;-4.164181056917584;
755;18.35818887311812;16.5;-4.164181042688188;
756;18.35818891541208;16;-4.164181028458792;
757;18.35818895770604;15.5;-4.164181014229397;
758;5.97945125;0;-4.597945625;
759;20;19.5;-4;
760;20;19;-4;
761;20;18.5;-4;
762;20;18;-4;
763;20;17.5;-4;
764;20;17;-4;
765;20;16.5;-4;
766;20;16;-4;
767;20;15.5;-4;
768;5.3917805;0;-4.53917825;
769;16.716377201339988;19.5;-4.328362349866002;
770;16.71637717896888;19;-4.328362422103112;
771;16.71637715659777;18.5;-4.328362494340223;
772;16.71637713422666;18;-4.328362566577334;
773;16.71637711185555;17.5;-4.328362638814445;
774;16.71637708948444;17;-4.328362711051557;
775;16.71637706711333;16.5;-4.328362783288667;
776;16.71637704474222;16;-4.328362855525779;
777;16.716377022371113;15.5;-4.328362927762889;
778;6.1753415;0;-4.61753475;
779;15.07456590374923;19.5;-4.492543469625077;
780;15.07456591444376;19;-4.492543528555625;
781;15.074565925138293;18.5;-4.492543587486171;
782;15.07456593583282;18;-4.492543646416718;
783;15.07456594652735;17.5;-4.492543705347265;
784;15.07456595722188;17;-4.492543764277812;
785;15.07456596791641;16.5;-4.492543823208359;
786;15.074565978610941;16;-4.492543882138906;
787;15.074565989305473;15.5;-4.492543941069453;
788;5.783561000000002;0;-4.5783565;
789;13.4328784177296;19.5;-4.65671223822704;
790;13.4328783713152;19;-4.65671232286848;
791;13.4328783249008;18.5;-4.65671240750992;
792;13.4328782784864;18;-4.65671249215136;
793;13.432878232072;17.5;-4.6567125767928;
794;13.4328781856576;17;-4.65671266143424;
795;13.4328781392432;16.5;-4.65671274607568;
796;13.432878092828801;16;-4.65671283071712;
797;13.4328780464144;15.5;-4.65671291535856;
798;6.37123175;0;-4.637123875;
799;5.58767075;0;-4.558767375;
800;11.79106689053255;19.5;-4.820893480946746;
801;11.7910669026956;19;-4.82089364973044;
802;11.79106691485865;18.5;-4.820893818514136;
803;11.791066927021703;18;-4.82089398729783;
804;11.79106693918475;17.5;-4.820894156081526;
805;11.7910669513478;17;-4.82089432486522;
806;11.79106696351085;16.5;-4.820894493648916;
807;11.7910669756739;16;-4.82089466243261;
808;11.79106698783695;15.5;-4.820894831216306;
809;10.018657;0;-4.998134625;
810;0;10.5;-4;
811;0;11;-4;
812;0;11.5;-4;
813;0;12;-4;
814;0;12.5;-4;
815;0;13;-4;
816;0;13.5;-4;
817;0;14;-4;
818;0;14.5;-4;
819;11.996293375;15;-4.800372250000002;
820;12.20151975;15;-4.7798495;
821;12.406746125;15;-4.75932675;
822;12.6119725;15;-4.738804;
823;12.817198875;15;-4.71828125;
824;13.022425250000001;15;-4.6977585;
825;13.227651625;15;-4.67723575;
826;13.62876825;15;-4.637123875;
827;13.8246585;15;-4.61753475;
828;14.02054875;15;-4.597945625;
829;14.216439000000001;15;-4.5783565;
830;14.41232925;15;-4.558767375;
831;14.6082195;15;-4.53917825;
832;14.80410975;15;-4.519589125;
833;15.279792375000001;15;-4.472021375;
834;15.485018750000002;15;-4.45149875;
835;15.690245125;15;-4.430976125;
836;15.895471500000003;15;-4.4104535;
837;16.100697875;15;-4.389930875;
838;16.30592425;15;-4.36940825;
839;16.511150625000003;15;-4.348885625000001;
840;16.9216035;15;-4.30784025;
841;17.12683;15;-4.287317500000001;
842;17.3320565;15;-4.266794750000001;
843;17.537283000000002;15;-4.246272000000001;
844;17.7425095;15;-4.22574925;
845;17.947736;15;-4.2052265;
846;18.1529625;15;-4.184703750000001;
847;18.563415375;15;-4.143658375;
848;18.76864175;15;-4.123135750000001;
849;18.973868125;15;-4.102613125000001;
850;19.179094499999994;15;-4.0820905;
851;19.384320875;15;-4.061567875;
852;19.58954725;15;-4.04104525;
853;19.794773625;15;-4.020522625;
854;11.996293326591314;20;-4.80037066734087;
855;12.201519774813123;20;-4.779848022518688;
856;12.406746223034938;20;-4.759325377696508;
857;12.611972671256751;20;-4.738802732874326;
858;12.817199119478563;20;-4.718280088052144;
859;13.022425567700376;20;-4.697757443229962;
860;13.227652015922189;20;-4.677234798407782;
861;13.628768656126;20;-4.6371231343874;
862;13.824658848108003;20;-4.6175341151892;
863;14.02054904009;20;-4.597945095991;
864;14.216439232072;20;-4.5783560767928;
865;14.412329424054;20;-4.5587670575946;
866;14.608219616036;20;-4.5391780383964;
867;14.804109808018;20;-4.5195890191982;
868;15.27979230938675;20;-4.472020769061326;
869;15.4850187257188;20;-4.451498127428121;
870;15.69024514205085;20;-4.430975485794916;
871;15.8954715583829;20;-4.410452844161711;
872;16.10069797471495;20;-4.389930202528505;
873;16.305924391047;20;-4.3694075608953;
874;16.51115080737905;20;-4.348884919262095;
875;16.921603642879763;20;-4.307839635712024;
876;17.126830062048423;20;-4.287316993795157;
877;17.332056481217087;20;-4.266794351878291;
878;17.537282900385748;20;-4.246271709961425;
879;17.74250931955441;20;-4.225749068044559;
880;17.947735738723075;20;-4.205226426127693;
881;18.152962157891736;20;-4.184703784210826;
882;18.56341500492785;20;-4.143658499507215;
883;18.7686414327953;20;-4.12313585672047;
884;18.973867860662754;20;-4.102613213933725;
885;19.1790942885302;20;-4.08209057114698;
886;19.38432071639765;20;-4.061567928360235;
887;19.5895471442651;20;-4.04104528557349;
888;19.79477357213255;20;-4.020522642786746;
889;9.85074404160964;15.5;-4.985076744160964;
890;9.85074408321928;16;-4.985076488321928;
891;9.850744124828921;16.5;-4.985076232482894;
892;9.850744166438561;17;-4.985075976643858;
893;9.850744208048202;17.5;-4.98507572080482;
894;9.85074424965784;18;-4.985075464965784;
895;9.85074429126748;18.5;-4.985075209126748;
896;9.85074433287712;19;-4.985074953287714;
897;9.85074437448676;19.5;-4.985074697448678;
898;9.869401;15;-4.986942375;
899;9.888058;15;-4.98880775;
900;9.906715;15;-4.990673125000002;
901;9.925372;15;-4.9925385;
902;9.944029;15;-4.994403875;
903;9.962686;15;-4.99626925;
904;9.981343;15;-4.998134625;
905;10.14925562551324;19.5;-4.985074697448678;
906;10.14925566712288;19;-4.985074953287714;
907;10.14925570873252;18.5;-4.985075209126748;
908;10.14925575034216;18;-4.985075464965784;
909;10.149255791951798;17.5;-4.98507572080482;
910;10.149255833561439;17;-4.985075976643858;
911;10.149255875171079;16.5;-4.985076232482894;
912;10.14925591678072;16;-4.985076488321928;
913;10.14925595839036;15.5;-4.985076744160964;
914;10.354482375;15;-4.964554250000002;
915;10.559708749999999;15;-4.9440315;
916;10.764935125;15;-4.92350875;
917;10.9701615;15;-4.902986;
918;11.175387875;15;-4.882463250000002;
919;11.38061425;15;-4.8619405;
920;11.585840625;15;-4.84141775;
921;10.354481995711836;20;-4.964551800428818;
922;10.559708407520075;20;-4.944029159247994;
923;10.764934819328312;20;-4.92350651806717;
924;10.97016123113655;20;-4.902983876886346;
925;11.175387642944788;20;-4.882461235705522;
926;11.380614054753025;20;-4.861938594524698;
927;11.585840466561264;20;-4.841415953343874;
928;10.037314;0;-4.99626925;
929;3.283623;10.5;-4.328363000000001;
930;3.283623;11;-4.328363000000001;
931;3.283623;11.5;-4.328363000000001;
932;3.283623;12;-4.328363000000001;
933;3.283623;12.5;-4.328363000000001;
934;3.283623;13;-4.328363000000001;
935;3.283623;13.5;-4.328363000000001;
936;3.283623;14;-4.328363000000001;
937;3.283623;14.5;-4.328363000000001;
938;10.055971;0;-4.994403875;
939;4.925434;10.5;-4.492544;
940;4.925434;11;-4.492544;
941;4.925434;11.5;-4.492544;
942;4.925434;12;-4.492544;
943;4.925434;12.5;-4.492544;
944;4.925434;13;-4.492544;
945;4.925434;13.5;-4.492544;
946;4.925434;14;-4.492544;
947;4.925434;14.5;-4.492544;
948;6.567122;10.5;-4.656713;
949;6.567122;11;-4.656713;
950;6.567122;11.5;-4.656713;
951;6.567122;12;-4.656713;
952;6.567122;12.5;-4.656713;
953;6.567122;13;-4.656713;
954;6.567122;13.5;-4.656713;
955;6.567122;14;-4.656713;
956;6.567122;14.5;-4.656713;
957;10.074628;0;-4.9925385;
958;8.208933;10.5;-4.820895;
959;8.208933;11;-4.820895;
960;8.208933;11.5;-4.820895;
961;8.208933;12;-4.820895;
962;8.208933;12.5;-4.820895;
963;8.208933;13;-4.820895;
964;8.208933;13.5;-4.820895;
965;8.208933;14;-4.820895;
966;8.208933;14.5;-4.820895;
967;18.358189;14.5;-4.164181;
968;18.358189;14;-4.164181;
969;18.358189;13.5;-4.164181;
970;18.358189;13;-4.164181;
971;18.358189;12.5;-4.164181;
972;18.358189;12;-4.164181;
973;18.358189;11.5;-4.164181;
974;18.358189;11;-4.164181;
975;18.358189;10.5;-4.164181;
976;10.111942;0;-4.98880775;
977;20;14.5;-4;
978;20;14;-4;
979;20;13.5;-4;
980;20;13;-4;
981;20;12.5;-4;
982;20;12;-4;
983;20;11.5;-4;
984;20;11;-4;
985;20;10.5;-4;
986;16.716377;14.5;-4.328363000000001;
987;16.716377;14;-4.328363000000001;
988;16.716377;13.5;-4.328363000000001;
989;16.716377;13;-4.328363000000001;
990;16.716377;12.5;-4.328363000000001;
991;16.716377;12;-4.328363000000001;
992;16.716377;11.5;-4.328363000000001;
993;16.716377;11;-4.328363000000001;
994;16.716377;10.5;-4.328363000000001;
995;10.130599;0;-4.986942375;
996;15.074566;14.5;-4.492544;
997;15.074566;14;-4.492544;
998;15.074566;13.5;-4.492544;
999;15.074566;13;-4.492544;
1000;15.074566;12.5;-4.492544;
1001;15.074566;12;-4.492544;
1002;15.074566;11.5;-4.492544;
1003;15.074566;11;-4.492544;
1004;15.074566;10.5;-4.492544;
1005;13.432878;14.5;-4.656713;
1006;13.432878;14;-4.656713;
1007;13.432878;13.5;-4.656713;
1008;13.432878;13;-4.656713;
1009;13.432878;12.5;-4.656713;
1010;13.432878;12;-4.656713;
1011;13.432878;11.5;-4.656713;
1012;13.432878;11;-4.656713;
1013;13.432878;10.5;-4.656713;
1014;15.00932075;0;-4.499068000000001;
1015;11.791067;14.5;-4.820895;
1016;11.791067;14;-4.820895;
1017;11.791067;13.5;-4.820895;
1018;11.791067;13;-4.820895;
1019;11.791067;12.5;-4.820895;
1020;11.791067;12;-4.820895;
1021;11.791067;11.5;-4.820895;
1022;11.791067;11;-4.820895;
1023;11.791067;10.5;-4.820895;
1024;15.018641500000003;0;-4.498136;
1025;10.093285;0;-4.990673125000002;
1026;9.850744;10.5;-4.985077;
1027;9.850744;11;-4.985077;
1028;9.850744;11.5;-4.985077;
1029;9.850744;12;-4.985077;
1030;9.850744;12.5;-4.985077;
1031;9.850744;13;-4.985077;
1032;9.850744;13.5;-4.985077;
1033;9.850744;14;-4.985077;
1034;9.850744;14.5;-4.985077;
1035;10.149256;14.5;-4.985077;
1036;10.149256;14;-4.985077;
1037;10.149256;13.5;-4.985077;
1038;10.149256;13;-4.985077;
1039;10.149256;12.5;-4.985077;
1040;10.149256;12;-4.985077;
1041;10.149256;11.5;-4.985077;
1042;10.149256;11;-4.985077;
1043;10.149256;10.5;-4.985077;
1044;1.8470375;10;-4.184703750000001;
1045;2.052264;10;-4.2052265;
1046;2.2574905;10;-4.22574925;
1047;2.462717;10;-4.246272000000001;
1048;2.6679435;10;-4.266794750000001;
1049;2.87317;10;-4.287317500000001;
1050;3.0783965;10;-4.30784025;
1051;3.488849375;10;-4.348885625000001;
1052;3.69407575;10;-4.36940825;
1053;3.899302125;10;-4.389930875;
1054;4.1045285;10;-4.4104535;
1055;4.309754875000001;10;-4.430976125;
1056;4.51498125;10;-4.45149875;
1057;4.720207625;10;-4.472021375;
1058;4.93475475;10;-4.493476;
1059;4.9440755;10;-4.494408;
1060;4.95339625;10;-4.49534;
1061;4.962717;10;-4.496272;
1062;4.97203775;10;-4.497204;
1063;4.9813585;10;-4.498136;
1064;4.99067925;10;-4.499068000000001;
1065;6.772348375;10;-4.67723575;
1066;6.97757475;10;-4.6977585;
1067;7.182801125;10;-4.71828125;
1068;7.3880275;10;-4.738804;
1069;7.593253875;10;-4.75932675;
1070;7.79848025;10;-4.7798495;
1071;8.003706625;10;-4.800372250000002;
1072;8.414159375000002;10;-4.84141775;
1073;8.61938575;10;-4.8619405;
1074;8.824612125;10;-4.882463250000002;
1075;9.0298385;10;-4.902986;
1076;9.235064875;10;-4.92350875;
1077;9.440291250000001;10;-4.9440315;
1078;9.645517625;10;-4.964554250000002;
1079;9.869401;10;-4.986942375;
1080;9.888058;10;-4.98880775;
1081;9.906715;10;-4.990673125000002;
1082;9.925372;10;-4.9925385;
1083;9.944029;10;-4.994403875;
1084;9.962686;10;-4.99626925;
1085;9.981343;10;-4.998134625;
1086;10.354482375;10;-4.964554250000002;
1087;10.559708749999999;10;-4.9440315;
1088;10.764935125;10;-4.92350875;
1089;10.9701615;10;-4.902986;
1090;11.175387875;10;-4.882463250000002;
1091;11.38061425;10;-4.8619405;
1092;11.585840625;10;-4.84141775;
1093;11.996293375;10;-4.800372250000002;
1094;12.20151975;10;-4.7798495;
1095;12.406746125;10;-4.75932675;
1096;12.6119725;10;-4.738804;
1097;12.817198875;10;-4.71828125;
1098;13.022425250000001;10;-4.6977585;
1099;13.227651625;10;-4.67723575;
1100;13.62876825;10;-4.637123875;
1101;13.8246585;10;-4.61753475;
1102;14.02054875;10;-4.597945625;
1103;14.216439000000001;10;-4.5783565;
1104;14.41232925;10;-4.558767375;
1105;14.6082195;10;-4.53917825;
1106;14.80410975;10;-4.519589125;
1107;15.279792375000001;10;-4.472021375;
1108;15.485018750000002;10;-4.45149875;
1109;15.690245125;10;-4.430976125;
1110;15.895471500000003;10;-4.4104535;
1111;16.100697875;10;-4.389930875;
1112;16.30592425;10;-4.36940825;
1113;16.511150625000003;10;-4.348885625000001;
1114;16.9216035;10;-4.30784025;
1115;17.12683;10;-4.287317500000001;
1116;17.3320565;10;-4.266794750000001;
1117;17.537283000000002;10;-4.246272000000001;
1118;17.7425095;10;-4.22574925;
1119;17.947736;10;-4.2052265;
1120;18.1529625;10;-4.184703750000001;
1121;18.563415375;10;-4.143658375;
1122;18.76864175;10;-4.123135750000001;
1123;18.973868125;10;-4.102613125000001;
1124;19.179094499999994;10;-4.0820905;
1125;19.384320875;10;-4.061567875;
1126;19.58954725;10;-4.04104525;
1127;19.794773625;10;-4.020522625;
1128;1.641811;5.5;-4.164181;
1129;1.641811;6;-4.164181;
1130;1.641811;6.5;-4.164181;
1131;1.641811;7;-4.164181;
1132;1.641811;7.5;-4.164181;
1133;1.641811;8;-4.164181;
1134;1.641811;8.5;-4.164181;
1135;1.641811;9;-4.164181;
1136;1.641811;9.5;-4.164181;
1137;0;5.5;-4;
1138;0;6;-4;
1139;0;6.5;-4;
1140;0;7;-4;
1141;0;7.5;-4;
1142;0;8;-4;
1143;0;8.5;-4;
1144;0;9;-4;
1145;0;9.5;-4;
1146;15.02796225;0;-4.497204;
1147;3.283623;5.5;-4.328363000000001;
1148;3.283623;6;-4.328363000000001;
1149;3.283623;6.5;-4.328363000000001;
1150;3.283623;7;-4.328363000000001;
1151;3.283623;7.5;-4.328363000000001;
1152;3.283623;8;-4.328363000000001;
1153;3.283623;8.5;-4.328363000000001;
1154;3.283623;9;-4.328363000000001;
1155;3.283623;9.5;-4.328363000000001;
1156;15.037283;0;-4.496272;
1157;4.925434;5.5;-4.492544;
1158;4.925434;6;-4.492544;
1159;4.925434;6.5;-4.492544;
1160;4.925434;7;-4.492544;
1161;4.925434;7.5;-4.492544;
1162;4.925434;8;-4.492544;
1163;4.925434;8.5;-4.492544;
1164;4.925434;9;-4.492544;
1165;4.925434;9.5;-4.492544;
1166;6.567122;5.5;-4.656713;
1167;6.567122;6;-4.656713;
1168;6.567122;6.5;-4.656713;
1169;6.567122;7;-4.656713;
1170;6.567122;7.5;-4.656713;
1171;6.567122;8;-4.656713;
1172;6.567122;8.5;-4.656713;
1173;6.567122;9;-4.656713;
1174;6.567122;9.5;-4.656713;
1175;15.0559245;0;-4.494408;
1176;8.208933;5.5;-4.820895;
1177;8.208933;6;-4.820895;
1178;8.208933;6.5;-4.820895;
1179;8.208933;7;-4.820895;
1180;8.208933;7.5;-4.820895;
1181;8.208933;8;-4.820895;
1182;8.208933;8.5;-4.820895;
1183;8.208933;9;-4.820895;
1184;8.208933;9.5;-4.820895;
1185;18.358189;9.5;-4.164181;
1186;18.358189;9;-4.164181;
1187;18.358189;8.5;-4.164181;
1188;18.358189;8;-4.164181;
1189;18.358189;7.5;-4.164181;
1190;18.358189;7;-4.164181;
1191;18.358189;6.5;-4.164181;
1192;18.358189;6;-4.164181;
1193;18.358189;5.5;-4.164181;
1194;20;0;-2.5;
1195;20;9.5;-4;
1196;20;9;-4;
1197;20;8.5;-4;
1198;20;8;-4;
1199;20;7.5;-4;
1200;20;7;-4;
1201;20;6.5;-4;
1202;20;6;-4;
1203;20;5.5;-4;
1204;16.716377;9.5;-4.328363000000001;
1205;16.716377;9;-4.328363000000001;
1206;16.716377;8.5;-4.328363000000001;
1207;16.716377;8;-4.328363000000001;
1208;16.716377;7.5;-4.328363000000001;
1209;16.716377;7;-4.328363000000001;
1210;16.716377;6.5;-4.328363000000001;
1211;16.716377;6;-4.328363000000001;
1212;16.716377;5.5;-4.328363000000001;
1213;20;0;-3;
1214;15.074566;9.5;-4.492544;
1215;15.074566;9;-4.492544;
1216;15.074566;8.5;-4.492544;
1217;15.074566;8;-4.492544;
1218;15.074566;7.5;-4.492544;
1219;15.074566;7;-4.492544;
1220;15.074566;6.5;-4.492544;
1221;15.074566;6;-4.492544;
1222;15.074566;5.5;-4.492544;
1223;13.432878;9.5;-4.656713;
1224;13.432878;9;-4.656713;
1225;13.432878;8.5;-4.656713;
1226;13.432878;8;-4.656713;
1227;13.432878;7.5;-4.656713;
1228;13.432878;7;-4.656713;
1229;13.432878;6.5;-4.656713;
1230;13.432878;6;-4.656713;
1231;13.432878;5.5;-4.656713;
1232;20;0;-3.5;
1233;11.791067;9.5;-4.820895;
1234;11.791067;9;-4.820895;
1235;11.791067;8.5;-4.820895;
1236;11.791067;8;-4.820895;
1237;11.791067;7.5;-4.820895;
1238;11.791067;7;-4.820895;
1239;11.791067;6.5;-4.820895;
1240;11.791067;6;-4.820895;
1241;11.791067;5.5;-4.820895;
1242;5;0;-0.5;
1243;15.06524525;0;-4.493476;
1244;9.850744;5.5;-4.985077;
1245;9.850744;6;-4.985077;
1246;9.850744;6.5;-4.985077;
1247;9.850744;7;-4.985077;
1248;9.850744;7.5;-4.985077;
1249;9.850744;8;-4.985077;
1250;9.850744;8.5;-4.985077;
1251;9.850744;9;-4.985077;
1252;9.850744;9.5;-4.985077;
1253;10.149256;9.5;-4.985077;
1254;10.149256;9;-4.985077;
1255;10.149256;8.5;-4.985077;
1256;10.149256;8;-4.985077;
1257;10.149256;7.5;-4.985077;
1258;10.149256;7;-4.985077;
1259;10.149256;6.5;-4.985077;
1260;10.149256;6;-4.985077;
1261;10.149256;5.5;-4.985077;
1262;1.8470375;5;-4.184703750000001;
1263;2.052264;5;-4.2052265;
1264;2.2574905;5;-4.22574925;
1265;2.462717;5;-4.246272000000001;
1266;2.6679435;5;-4.266794750000001;
1267;2.87317;5;-4.287317500000001;
1268;3.0783965;5;-4.30784025;
1269;3.488849375;5;-4.348885625000001;
1270;3.69407575;5;-4.36940825;
1271;3.899302125;5;-4.389930875;
1272;4.1045285;5;-4.4104535;
1273;4.309754875000001;5;-4.430976125;
1274;4.51498125;5;-4.45149875;
1275;4.720207625;5;-4.472021375;
1276;4.93475475;5;-4.493476;
1277;4.9440755;5;-4.494408;
1278;4.95339625;5;-4.49534;
1279;4.962717;5;-4.496272;
1280;4.97203775;5;-4.497204;
1281;4.9813585;5;-4.498136;
1282;4.99067925;5;-4.499068000000001;
1283;6.772348375;5;-4.67723575;
1284;6.97757475;5;-4.6977585;
1285;7.182801125;5;-4.71828125;
1286;7.3880275;5;-4.738804;
1287;7.593253875;5;-4.75932675;
1288;7.79848025;5;-4.7798495;
1289;8.003706625;5;-4.800372250000002;
1290;8.414159375000002;5;-4.84141775;
1291;8.61938575;5;-4.8619405;
1292;8.824612125;5;-4.882463250000002;
1293;9.0298385;5;-4.902986;
1294;9.235064875;5;-4.92350875;
1295;9.440291250000001;5;-4.9440315;
1296;9.645517625;5;-4.964554250000002;
1297;9.869401;5;-4.986942375;
1298;9.888058;5;-4.98880775;
1299;9.906715;5;-4.990673125000002;
1300;9.925372;5;-4.9925385;
1301;9.944029;5;-4.994403875;
1302;9.962686;5;-4.99626925;
1303;9.981343;5;-4.998134625;
1304;10.354482375;5;-4.964554250000002;
1305;10.559708749999999;5;-4.9440315;
1306;10.764935125;5;-4.92350875;
1307;10.9701615;5;-4.902986;
1308;11.175387875;5;-4.882463250000002;
1309;11.38061425;5;-4.8619405;
1310;11.585840625;5;-4.84141775;
1311;11.996293375;5;-4.800372250000002;
1312;12.20151975;5;-4.7798495;
1313;12.406746125;5;-4.75932675;
1314;12.6119725;5;-4.738804;
1315;12.817198875;5;-4.71828125;
1316;13.022425250000001;5;-4.6977585;
1317;13.227651625;5;-4.67723575;
1318;13.62876825;5;-4.637123875;
1319;13.8246585;5;-4.61753475;
1320;14.02054875;5;-4.597945625;
1321;14.216439000000001;5;-4.5783565;
1322;14.41232925;5;-4.558767375;
1323;14.6082195;5;-4.53917825;
1324;14.80410975;5;-4.519589125;
1325;15.279792375000001;5;-4.472021375;
1326;15.485018750000002;5;-4.45149875;
1327;15.690245125;5;-4.430976125;
1328;15.895471500000003;5;-4.4104535;
1329;16.100697875;5;-4.389930875;
1330;16.30592425;5;-4.36940825;
1331;16.511150625000003;5;-4.348885625000001;
1332;16.9216035;5;-4.30784025;
1333;17.12683;5;-4.287317500000001;
1334;17.3320565;5;-4.266794750000001;
1335;17.537283000000002;5;-4.246272000000001;
1336;17.7425095;5;-4.22574925;
1337;17.947736;5;-4.2052265;
1338;18.1529625;5;-4.184703750000001;
1339;18.563415375;5;-4.143658375;
1340;18.76864175;5;-4.123135750000001;
1341;18.973868125;5;-4.102613125000001;
1342;19.179094499999994;5;-4.0820905;
1343;19.384320875;5;-4.061567875;
1344;19.58954725;5;-4.04104525;
1345;19.794773625;5;-4.020522625;
1346;1.641811;0.5;-4.164181;
1347;1.641811;1;-4.164181;
1348;1.641811;1.5;-4.164181;
1349;1.641811;2;-4.164181;
1350;1.641811;2.5;-4.164181;
1351;1.641811;3;-4.164181;
1352;1.641811;3.5;-4.164181;
1353;1.641811;4;-4.164181;
1354;1.641811;4.5;-4.164181;
1355;0;0.5;-4;
1356;0;1;-4;
1357;0;1.5;-4;
1358;0;2;-4;
1359;0;2.5;-4;
1360;0;3;-4;
1361;0;3.5;-4;
1362;0;4;-4;
1363;0;4.5;-4;
1364;5;0;-4;
1365;3.283623;0.5;-4.328363000000001;
1366;3.283623;1;-4.328363000000001;
1367;3.283623;1.5;-4.328363000000001;
1368;3.283623;2;-4.328363000000001;
1369;3.283623;2.5;-4.328363000000001;
1370;3.283623;3;-4.328363000000001;
1371;3.283623;3.5;-4.328363000000001;
1372;3.283623;4;-4.328363000000001;
1373;3.283623;4.5;-4.328363000000001;
1374;10;0;-0.5;
1375;4.925434;0.5;-4.492544;
1376;4.925434;1;-4.492544;
1377;4.925434;1.5;-4.492544;
1378;4.925434;2;-4.492544;
1379;4.925434;2.5;-4.492544;
1380;4.925434;3;-4.492544;
1381;4.925434;3.5;-4.492544;
1382;4.925434;4;-4.492544;
1383;4.925434;4.5;-4.492544;
1384;6.567122;0.5;-4.656713;
1385;6.567122;1;-4.656713;
1386;6.567122;1.5;-4.656713;
1387;6.567122;2;-4.656713;
1388;6.567122;2.5;-4.656713;
1389;6.567122;3;-4.656713;
1390;6.567122;3.5;-4.656713;
1391;6.567122;4;-4.656713;
1392;6.567122;4.5;-4.656713;
1393;10;0;-1;
1394;8.208933;0.5;-4.820895;
1395;8.208933;1;-4.820895;
1396;8.208933;1.5;-4.820895;
1397;8.208933;2;-4.820895;
1398;8.208933;2.5;-4.820895;
1399;8.208933;3;-4.820895;
1400;8.208933;3.5;-4.820895;
1401;8.208933;4;-4.820895;
1402;8.208933;4.5;-4.820895;
1403;18.358189;4.5;-4.164181;
1404;18.358189;4;-4.164181;
1405;18.358189;3.5;-4.164181;
1406;18.358189;3;-4.164181;
1407;18.358189;2.5;-4.164181;
1408;18.358189;2;-4.164181;
1409;18.358189;1.5;-4.164181;
1410;18.358189;1;-4.164181;
1411;18.358189;0.5;-4.164181;
1412;10;0;-2;
1413;20;4.5;-4;
1414;20;4;-4;
1415;20;3.5;-4;
1416;20;3;-4;
1417;20;2.5;-4;
1418;20;2;-4;
1419;20;1.5;-4;
1420;20;1;-4;
1421;20;0.5;-4;
1422;16.716377;4.5;-4.328363000000001;
1423;16.716377;4;-4.328363000000001;
1424;16.716377;3.5;-4.328363000000001;
1425;16.716377;3;-4.328363000000001;
1426;16.716377;2.5;-4.328363000000001;
1427;16.716377;2;-4.328363000000001;
1428;16.716377;1.5;-4.328363000000001;
1429;16.716377;1;-4.328363000000001;
1430;16.716377;0.5;-4.328363000000001;
1431;10;0;-2.5;
1432;15.074566;4.5;-4.492544;
1433;15.074566;4;-4.492544;
1434;15.074566;3.5;-4.492544;
1435;15.074566;3;-4.492544;
1436;15.074566;2.5;-4.492544;
1437;15.074566;2;-4.492544;
1438;15.074566;1.5;-4.492544;
1439;15.074566;1;-4.492544;
1440;15.074566;0.5;-4.492544;
1441;13.432878;4.5;-4.656713;
1442;13.432878;4;-4.656713;
1443;13.432878;3.5;-4.656713;
1444;13.432878;3;-4.656713;
1445;13.432878;2.5;-4.656713;
1446;13.432878;2;-4.656713;
1447;13.432878;1.5;-4.656713;
1448;13.432878;1;-4.656713;
1449;13.432878;0.5;-4.656713;
1450;10;0;-3;
1451;11.791067;4.5;-4.820895;
1452;11.791067;4;-4.820895;
1453;11.791067;3.5;-4.820895;
1454;11.791067;3;-4.820895;
1455;11.791067;2.5;-4.820895;
1456;11.791067;2;-4.820895;
1457;11.791067;1.5;-4.820895;
1458;11.791067;1;-4.820895;
1459;11.791067;0.5;-4.820895;
1460;10;0;-4;
1461;10;0;-1.5;
1462;9.850744;0.5;-4.985077;
1463;9.850744;1;-4.985077;
1464;9.850744;1.5;-4.985077;
1465;9.850744;2;-4.985077;
1466;9.850744;2.5;-4.985077;
1467;9.850744;3;-4.985077;
1468;9.850744;3.5;-4.985077;
1469;9.850744;4;-4.985077;
1470;9.850744;4.5;-4.985077;
1471;10.149256;4.5;-4.985077;
1472;10.149256;4;-4.985077;
1473;10.149256;3.5;-4.985077;
1474;10.149256;3;-4.985077;
1475;10.149256;2.5;-4.985077;
1476;10.149256;2;-4.985077;
1477;10.149256;1.5;-4.985077;
1478;10.149256;1;-4.985077;
1479;10.149256;0.5;-4.985077;
1480;1.8470375;0;-4.184703750000001;
1481;2.052264;0;-4.2052265;
1482;2.2574905;0;-4.22574925;
1483;2.462717;0;-4.246272000000001;
1484;2.6679435;0;-4.266794750000001;
1485;2.87317;0;-4.287317500000001;
1486;3.0783965;0;-4.30784025;
1487;3.488849375;0;-4.348885625000001;
1488;3.69407575;0;-4.36940825;
1489;3.899302125;0;-4.389930875;
1490;4.1045285;0;-4.4104535;
1491;4.309754875000001;0;-4.430976125;
1492;4.51498125;0;-4.45149875;
1493;4.720207625;0;-4.472021375;
1494;4.93475475;0;-4.493476;
1495;4.9440755;0;-4.494408;
1496;4.95339625;0;-4.49534;
1497;4.962717;0;-4.496272;
1498;4.97203775;0;-4.497204;
1499;4.9813585;0;-4.498136;
1500;4.99067925;0;-4.499068000000001;
1501;6.772348375;0;-4.67723575;
1502;6.97757475;0;-4.6977585;
1503;7.182801125;0;-4.71828125;
1504;7.3880275;0;-4.738804;
1505;7.593253875;0;-4.75932675;
1506;7.79848025;0;-4.7798495;
1507;8.003706625;0;-4.800372250000002;
1508;8.414159375000002;0;-4.84141775;
1509;8.61938575;0;-4.8619405;
1510;8.824612125;0;-4.882463250000002;
1511;9.0298385;0;-4.902986;
1512;9.235064875;0;-4.92350875;
1513;9.440291250000001;0;-4.9440315;
1514;9.645517625;0;-4.964554250000002;
1515;9.869401;0;-4.986942375;
1516;9.888058;0;-4.98880775;
1517;9.906715;0;-4.990673125000002;
1518;9.925372;0;-4.9925385;
1519;9.944029;0;-4.994403875;
1520;9.962686;0;-4.99626925;
1521;9.981343;0;-4.998134625;
1522;10.354482375;0;-4.964554250000002;
1523;10.559708749999999;0;-4.9440315;
1524;10.764935125;0;-4.92350875;
1525;10.9701615;0;-4.902986;
1526;11.175387875;0;-4.882463250000002;
1527;11.38061425;0;-4.8619405;
1528;11.585840625;0;-4.84141775;
1529;11.996293375;0;-4.800372250000002;
1530;12.20151975;0;-4.7798495;
1531;12.406746125;0;-4.75932675;
1532;12.6119725;0;-4.738804;
1533;12.817198875;0;-4.71828125;
1534;13.022425250000001;0;-4.6977585;
1535;13.227651625;0;-4.67723575;
1536;13.62876825;0;-4.637123875;
1537;13.8246585;0;-4.61753475;
1538;14.02054875;0;-4.597945625;
1539;14.216439000000001;0;-4.5783565;
1540;14.41232925;0;-4.558767375;
1541;14.6082195;0;-4.53917825;
1542;14.80410975;0;-4.519589125;
1543;15.279792375000001;0;-4.472021375;
1544;15.485018750000002;0;-4.45149875;
1545;15.690245125;0;-4.430976125;
1546;15.895471500000003;0;-4.4104535;
1547;16.100697875;0;-4.389930875;
1548;16.30592425;0;-4.36940825;
1549;16.511150625000003;0;-4.348885625000001;
1550;16.9216035;0;-4.30784025;
1551;17.12683;0;-4.287317500000001;
1552;17.3320565;0;-4.266794750000001;
1553;17.537283000000002;0;-4.246272000000001;
1554;17.7425095;0;-4.22574925;
1555;17.947736;0;-4.2052265;
1556;18.1529625;0;-4.184703750000001;
1557;18.563415375;0;-4.143658375;
1558;18.76864175;0;-4.123135750000001;
1559;18.973868125;0;-4.102613125000001;
1560;19.179094499999994;0;-4.0820905;
1561;19.384320875;0;-4.061567875;
1562;19.58954725;0;-4.04104525;
1563;19.794773625;0;-4.020522625;
1564;1.64181138064564;20.5;-4.164181128064564;
1565;1.64181133835168;21;-4.164181113835168;
1566;1.64181129605772;21.5;-4.164181099605772;
1567;1.64181125376376;22;-4.164181085376377;
1568;1.6418112114698;22.5;-4.16418107114698;
1569;1.64181116917584;23;-4.164181056917584;
1570;1.64181112688188;23.5;-4.164181042688188;
1571;1.64181108458792;24;-4.164181028458792;
1572;1.64181104229396;24.5;-4.164181014229397;
1573;0;20.5;-4;
1574;0;21;-4;
1575;0;21.5;-4;
1576;0;22;-4;
1577;0;22.5;-4;
1578;0;23;-4;
1579;0;23.5;-4;
1580;0;24;-4;
1581;0;24.5;-4;
1582;3.283622798659983;20.5;-4.328362349866002;
1583;3.283622821031096;21;-4.328362422103112;
1584;3.283622843402209;21.5;-4.328362494340223;
1585;3.283622865773322;22;-4.328362566577334;
1586;3.283622888144435;22.5;-4.328362638814445;
1587;3.283622910515548;23;-4.328362711051557;
1588;3.283622932886661;23.5;-4.328362783288667;
1589;3.283622955257774;24;-4.328362855525779;
1590;3.283622977628887;24.5;-4.328362927762889;
1591;20;0;-0.5;
1592;4.925434096250726;20.5;-4.492543469625077;
1593;4.9254340855562;21;-4.492543528555625;
1594;4.925434074861676;21.5;-4.492543587486171;
1595;4.92543406416715;22;-4.492543646416718;
1596;4.925434053472626;22.5;-4.492543705347265;
1597;4.9254340427781;23;-4.492543764277812;
1598;4.925434032083576;23.5;-4.492543823208359;
1599;4.92543402138905;24;-4.492543882138906;
1600;4.925434010694526;24.5;-4.492543941069453;
1601;20;0;-1;
1602;6.567121582270436;20.5;-4.65671223822704;
1603;6.567121628684832;21;-4.65671232286848;
1604;6.567121675099228;21.5;-4.65671240750992;
1605;6.567121721513624;22;-4.65671249215136;
1606;6.56712176792802;22.5;-4.6567125767928;
1607;6.567121814342416;23;-4.65671266143424;
1608;6.567121860756812;23.5;-4.65671274607568;
1609;6.56712190717121;24;-4.65671283071712;
1610;6.567121953585604;24.5;-4.65671291535856;
1611;8.20893310946746;20.5;-4.820893480946746;
1612;8.208933097304408;21;-4.82089364973044;
1613;8.208933085141359;21.5;-4.820893818514136;
1614;8.208933072978306;22;-4.82089398729783;
1615;8.208933060815257;22.5;-4.820894156081526;
1616;8.208933048652204;23;-4.82089432486522;
1617;8.208933036489155;23.5;-4.820894493648916;
1618;8.208933024326102;24;-4.82089466243261;
1619;8.208933012163053;24.5;-4.820894831216306;
1620;20;0;-1.5;
1621;5;0;-1.5;
1622;18.35818895770604;24.5;-4.164181014229397;
1623;18.35818891541208;24;-4.164181028458792;
1624;18.35818887311812;23.5;-4.164181042688188;
1625;18.35818883082416;23;-4.164181056917584;
1626;18.3581887885302;22.5;-4.16418107114698;
1627;18.35818874623624;22;-4.164181085376377;
1628;18.35818870394228;21.5;-4.164181099605772;
1629;18.35818866164832;21;-4.164181113835168;
1630;18.35818861935436;20.5;-4.164181128064564;
1631;20;24.5;-4;
1632;20;24;-4;
1633;20;23.5;-4;
1634;20;23;-4;
1635;20;22.5;-4;
1636;20;22;-4;
1637;20;21.5;-4;
1638;20;21;-4;
1639;20;20.5;-4;
1640;5;0;-2;
1641;16.716377022371113;24.5;-4.328362927762889;
1642;16.71637704474222;24;-4.328362855525779;
1643;16.71637706711333;23.5;-4.328362783288667;
1644;16.71637708948444;23;-4.328362711051557;
1645;16.71637711185555;22.5;-4.328362638814445;
1646;16.71637713422666;22;-4.328362566577334;
1647;16.71637715659777;21.5;-4.328362494340223;
1648;16.71637717896888;21;-4.328362422103112;
1649;16.716377201339988;20.5;-4.328362349866002;
1650;15.074565989305473;24.5;-4.492543941069453;
1651;15.074565978610941;24;-4.492543882138906;
1652;15.07456596791641;23.5;-4.492543823208359;
1653;15.07456595722188;23;-4.492543764277812;
1654;15.07456594652735;22.5;-4.492543705347265;
1655;15.07456593583282;22;-4.492543646416718;
1656;15.074565925138293;21.5;-4.492543587486171;
1657;15.07456591444376;21;-4.492543528555625;
1658;15.07456590374923;20.5;-4.492543469625077;
1659;5;0;-2.5;
1660;13.4328780464144;24.5;-4.65671291535856;
1661;13.432878092828801;24;-4.65671283071712;
1662;13.4328781392432;23.5;-4.65671274607568;
1663;13.4328781856576;23;-4.65671266143424;
1664;13.432878232072;22.5;-4.6567125767928;
1665;13.4328782784864;22;-4.65671249215136;
1666;13.4328783249008;21.5;-4.65671240750992;
1667;13.4328783713152;21;-4.65671232286848;
1668;13.4328784177296;20.5;-4.65671223822704;
1669;5;0;-3;
1670;11.79106698783695;24.5;-4.820894831216306;
1671;11.7910669756739;24;-4.82089466243261;
1672;11.79106696351085;23.5;-4.820894493648916;
1673;11.7910669513478;23;-4.82089432486522;
1674;11.79106693918475;22.5;-4.820894156081526;
1675;11.791066927021703;22;-4.82089398729783;
1676;11.79106691485865;21.5;-4.820893818514136;
1677;11.7910669026956;21;-4.82089364973044;
1678;11.79106689053255;20.5;-4.820893480946746;
1679;9.85074437448676;20.5;-4.985074697448678;
1680;9.85074433287712;21;-4.985074953287714;
1681;9.85074429126748;21.5;-4.985075209126748;
1682;9.85074424965784;22;-4.985075464965784;
1683;9.850744208048202;22.5;-4.98507572080482;
1684;9.850744166438561;23;-4.985075976643858;
1685;9.850744124828921;23.5;-4.985076232482894;
1686;9.85074408321928;24;-4.985076488321928;
1687;9.85074404160964;24.5;-4.985076744160964;
1688;20;0;-2;
1689;10.14925595839036;24.5;-4.985076744160964;
1690;10.14925591678072;24;-4.985076488321928;
1691;10.149255875171079;23.5;-4.985076232482894;
1692;10.149255833561439;23;-4.985075976643858;
1693;10.149255791951798;22.5;-4.98507572080482;
1694;10.14925575034216;22;-4.985075464965784;
1695;10.14925570873252;21.5;-4.985075209126748;
1696;10.14925566712288;21;-4.985074953287714;
1697;10.14925562551324;20.5;-4.985074697448678;
1698;1.8470375;25;-4.184703750000001;
1699;2.052264;25;-4.2052265;
1700;2.2574905;25;-4.22574925;
1701;2.462717;25;-4.246272000000001;
1702;2.6679435;25;-4.266794750000001;
1703;2.87317;25;-4.287317500000001;
1704;3.0783965;25;-4.30784025;
1705;3.488849375;25;-4.348885625000001;
1706;3.69407575;25;-4.36940825;
1707;3.899302125;25;-4.389930875;
1708;4.1045285;25;-4.4104535;
1709;4.309754875000001;25;-4.430976125;
1710;4.51498125;25;-4.45149875;
1711;4.720207625;25;-4.472021375;
1712;4.93475475;25;-4.493476;
1713;4.9440755;25;-4.494408;
1714;4.95339625;25;-4.49534;
1715;4.962717;25;-4.496272;
1716;4.97203775;25;-4.497204;
1717;4.9813585;25;-4.498136;
1718;4.99067925;25;-4.499068000000001;
1719;6.772348375;25;-4.67723575;
1720;6.97757475;25;-4.6977585;
1721;7.182801125;25;-4.71828125;
1722;7.3880275;25;-4.738804;
1723;7.593253875;25;-4.75932675;
1724;7.79848025;25;-4.7798495;
1725;8.003706625;25;-4.800372250000002;
1726;8.414159375000002;25;-4.84141775;
1727;8.61938575;25;-4.8619405;
1728;8.824612125;25;-4.882463250000002;
1729;9.0298385;25;-4.902986;
1730;9.235064875;25;-4.92350875;
1731;9.440291250000001;25;-4.9440315;
1732;9.645517625;25;-4.964554250000002;
1733;9.869401;25;-4.986942375;
1734;9.888058;25;-4.98880775;
1735;9.906715;25;-4.990673125000002;
1736;9.925372;25;-4.9925385;
1737;9.944029;25;-4.994403875;
1738;9.962686;25;-4.99626925;
1739;9.981343;25;-4.998134625;
1740;10.354482375;25;-4.964554250000002;
1741;10.559708749999999;25;-4.9440315;
1742;10.764935125;25;-4.92350875;
1743;10.9701615;25;-4.902986;
1744;11.175387875;25;-4.882463250000002;
1745;11.38061425;25;-4.8619405;
1746;11.585840625;25;-4.84141775;
1747;11.996293375;25;-4.800372250000002;
1748;12.20151975;25;-4.7798495;
1749;12.406746125;25;-4.75932675;
1750;12.6119725;25;-4.738804;
1751;12.817198875;25;-4.71828125;
1752;13.022425250000001;25;-4.6977585;
1753;13.227651625;25;-4.67723575;
1754;13.62876825;25;-4.637123875;
1755;13.8246585;25;-4.61753475;
1756;14.02054875;25;-4.597945625;
1757;14.216439000000001;25;-4.5783565;
1758;14.41232925;25;-4.558767375;
1759;14.6082195;25;-4.53917825;
1760;14.80410975;25;-4.519589125;
1761;15.279792375000001;25;-4.472021375;
1762;15.485018750000002;25;-4.45149875;
1763;15.690245125;25;-4.430976125;
1764;15.895471500000003;25;-4.4104535;
1765;16.100697875;25;-4.389930875;
1766;16.30592425;25;-4.36940825;
1767;16.511150625000003;25;-4.348885625000001;
1768;16.9216035;25;-4.30784025;
1769;17.12683;25;-4.287317500000001;
1770;17.3320565;25;-4.266794750000001;
1771;17.537283000000002;25;-4.246272000000001;
1772;17.7425095;25;-4.22574925;
1773;17.947736;25;-4.2052265;
1774;18.1529625;25;-4.184703750000001;
1775;18.563415375;25;-4.143658375;
1776;18.76864175;25;-4.123135750000001;
1777;18.973868125;25;-4.102613125000001;
1778;19.179094499999994;25;-4.0820905;
1779;19.384320875;25;-4.061567875;
1780;19.58954725;25;-4.04104525;
1781;19.794773625;25;-4.020522625;
1782;10;0;-4.5;
1783;15;0;-0.5;
1784;15;0;-1.5;
1785;0;5;-0.5;
1786;0;5;-1;
1787;0;5;-1.5;
1788;0;5;-2;
1789;0;5;-2.5;
1790;0;5;-3.5;
1791;1.026131875;5;-4.102613125000001;
1792;1.23135825;5;-4.123135750000001;
1793;1.436584625;5;-4.143658375;
1794;5.19589025;5;-4.519589125;
1795;10.055971;5;-4.994403875;
1796;10.074628;5;-4.9925385;
1797;10.093285;5;-4.990673125000002;
1798;10.111942;5;-4.98880775;
1799;10.130599;5;-4.986942375;
1800;15.00932075;5;-4.499068000000001;
1801;15.018641500000003;5;-4.498136;
1802;15.02796225;5;-4.497204;
1803;15.037283;5;-4.496272;
1804;15.04660375;5;-4.49534;
1805;15.0559245;5;-4.494408;
1806;15.06524525;5;-4.493476;
1807;20;5;-0.5;
1808;20;5;-1;
1809;20;5;-1.5;
1810;20;5;-2;
1811;20;5;-2.5;
1812;20;5;-3;
1813;20;5;-3.5;
1814;0;10;-2;
1815;0;10;-2.5;
1816;0;10;-3;
1817;0;10;-3.5;
1818;0.41045275;10;-4.04104525;
1819;5.19589025;10;-4.519589125;
1820;5.3917805;10;-4.53917825;
1821;5.58767075;10;-4.558767375;
1822;5.783561000000002;10;-4.5783565;
1823;5.97945125;10;-4.597945625;
1824;6.1753415;10;-4.61753475;
1825;6.37123175;10;-4.637123875;
1826;10.018657;10;-4.998134625;
1827;10.037314;10;-4.99626925;
1828;10.055971;10;-4.994403875;
1829;10.074628;10;-4.9925385;
1830;10.093285;10;-4.990673125000002;
1831;10.111942;10;-4.98880775;
1832;10.130599;10;-4.986942375;
1833;15.00932075;10;-4.499068000000001;
1834;15.018641500000003;10;-4.498136;
1835;15.02796225;10;-4.497204;
1836;15.037283;10;-4.496272;
1837;15.04660375;10;-4.49534;
1838;15.0559245;10;-4.494408;
1839;15.06524525;10;-4.493476;
1840;20;10;-0.5;
1841;20;10;-1;
1842;20;10;-1.5;
1843;20;10;-2;
1844;20;10;-2.5;
1845;20;10;-3;
1846;20;10;-3.5;
1847;0;15;-0.5;
1848;0;15;-1;
1849;0;15;-1.5;
1850;0;15;-2;
1851;0;15;-2.5;
1852;0;15;-3;
1853;0;15;-3.5;
1854;0.205226375;15;-4.020522625;
1855;0.41045275;15;-4.04104525;
1856;0.615679125;15;-4.061567875;
1857;0.8209055;15;-4.0820905;
1858;1.026131875;15;-4.102613125000001;
1859;1.23135825;15;-4.123135750000001;
1860;1.436584625;15;-4.143658375;
1861;5.19589025;15;-4.519589125;
1862;5.3917805;15;-4.53917825;
1863;5.58767075;15;-4.558767375;
1864;5.783561000000002;15;-4.5783565;
1865;5.97945125;15;-4.597945625;
1866;6.1753415;15;-4.61753475;
1867;6.37123175;15;-4.637123875;
1868;10.018657;15;-4.998134625;
1869;10.037314;15;-4.99626925;
1870;10.055971;15;-4.994403875;
1871;10.074628;15;-4.9925385;
1872;10.093285;15;-4.990673125000002;
1873;10.111942;15;-4.98880775;
1874;10.130599;15;-4.986942375;
1875;15.00932075;15;-4.499068000000001;
1876;15.018641500000003;15;-4.498136;
1877;15.02796225;15;-4.497204;
1878;15.037283;15;-4.496272;
1879;15.04660375;15;-4.49534;
1880;15.0559245;15;-4.494408;
1881;15.06524525;15;-4.493476;
1882;20;15;-0.5;
1883;20;15;-1;
1884;20;15;-1.5;
1885;20;15;-2;
1886;20;15;-2.5;
1887;20;15;-3;
1888;20;15;-3.5;
1889;0;20;-0.5;
1890;0;20;-1;
1891;0;20;-1.5;
1892;0;20;-2;
1893;0;20;-2.5;
1894;0;20;-3;
1895;0;20;-3.5;
1896;0.20522642786745;20;-4.020522642786746;
1897;0.4104528557349;20;-4.04104528557349;
1898;0.61567928360235;20;-4.061567928360235;
1899;0.8209057114698;20;-4.08209057114698;
1900;1.02613213933725;20;-4.102613213933725;
1901;1.2313585672047;20;-4.12313585672047;
1902;1.43658499507215;20;-4.143658499507215;
1903;5.195890191982006;20;-4.5195890191982;
1904;5.39178038396401;20;-4.5391780383964;
1905;5.587670575946016;20;-4.5587670575946;
1906;5.78356076792802;20;-4.5783560767928;
1907;5.979450959910026;20;-4.597945095991;
1908;6.17534115189203;20;-4.6175341151892;
1909;6.371231343874036;20;-4.6371231343874;
1910;10.01865694798795;20;-4.998134305201206;
1911;10.037313895975897;20;-4.99626861040241;
1912;10.05597084396385;20;-4.994402915603616;
1913;10.0746277919518;20;-4.99253722080482;
1914;10.09328473993975;20;-4.990671526006026;
1915;10.1119416879277;20;-4.98880583120723;
1916;10.13059863591565;20;-4.986940136408436;
1917;15.009320736631839;20;-4.499067926336817;
1918;15.018641473263674;20;-4.498135852673633;
1919;15.027962209895515;20;-4.497203779010449;
1920;15.03728294652735;20;-4.496271705347265;
1921;15.046603683159187;20;-4.495339631684082;
1922;15.055924419791026;20;-4.494407558020898;
1923;15.065245156422865;20;-4.493475484357714;
1924;20;20;-0.5;
1925;20;20;-1;
1926;20;20;-1.5;
1927;20;20;-2;
1928;20;20;-2.5;
1929;20;20;-3;
1930;20;20;-3.5;
1931;0;25;-0.5;
1932;0;25;-1;
1933;0;25;-1.5;
1934;0;25;-2;
1935;0;25;-2.5;
1936;0;25;-3;
1937;0;25;-3.5;
1938;0.205226375;25;-4.020522625;
1939;0.41045275;25;-4.04104525;
1940;0.615679125;25;-4.061567875;
1941;0.8209055;25;-4.0820905;
1942;1.026131875;25;-4.102613125000001;
1943;1.23135825;25;-4.123135750000001;
1944;1.436584625;25;-4.143658375;
1945;5.19589025;25;-4.519589125;
1946;5.3917805;25;-4.53917825;
1947;5.58767075;25;-4.558767375;
1948;5.783561000000002;25;-4.5783565;
1949;5.97945125;25;-4.597945625;
1950;6.1753415;25;-4.61753475;
1951;6.37123175;25;-4.637123875;
1952;10.018657;25;-4.998134625;
1953;10.037314;25;-4.99626925;
1954;10.055971;25;-4.994403875;
1955;10.074628;25;-4.9925385;
1956;10.093285;25;-4.990673125000002;
1957;10.111942;25;-4.98880775;
1958;10.130599;25;-4.986942375;
1959;15.00932075;25;-4.499068000000001;
1960;15.018641500000003;25;-4.498136;
1961;15.02796225;25;-4.497204;
1962;15.037283;25;-4.496272;
1963;15.04660375;25;-4.49534;
1964;15.0559245;25;-4.494408;
1965;15.06524525;25;-4.493476;
1966;20;25;-0.5;
1967;20;25;-1;
1968;20;25;-1.5;
1969;20;25;-2;
1970;20;25;-2.5;
1971;20;25;-3;
1972;20;25;-3.5;
1973;5;25;-0.5;
1974;5;25;-1;
1975;5;25;-1.5;
1976;5;25;-2;
1977;5;25;-2.5;
